addres_id,country,city,street
1,United States,Charlotte,91 Ludington Terrace
2,United States,Miami,77 American Street
3,United States,Terre Haute,982 American Ash Lane
4,United States,Birmingham,00 Stone Corner Parkway
5,United States,High Point,76 Anzinger Junction
6,United States,Grand Forks,365 Union Place
7,United States,Minneapolis,5 Stuart Place
8,United States,Lynchburg,80574 Emmet Center
9,United States,Schaumburg,70 Crescent Oaks Crossing
10,United States,Austin,945 Thompson Plaza
11,United States,San Diego,487 Lien Pass
12,United States,Rockford,7559 Ludington Place
13,United States,Murfreesboro,67335 Westerfield Trail
14,United States,Philadelphia,03 Coleman Way
15,United States,Lansing,62280 Talisman Alley
16,United States,Springfield,11527 Northridge Center
17,United States,Sioux Falls,9 Saint Paul Court
18,United States,Denton,05 Hallows Avenue
19,United States,Miami Beach,801 Elmside Court
20,United States,Reston,86 Golf Center
21,United States,Kansas City,0693 Melody Court
22,United States,Los Angeles,93089 Aberg Hill
23,United States,Charlotte,1735 Hovde Park
24,United States,Youngstown,9467 Haas Court
25,United States,Bethlehem,47933 Towne Pass
26,United States,Hartford,14 Village Terrace
27,United States,Washington,4559 Granby Road
28,United States,Louisville,436 John Wall Parkway
29,United States,Fort Wayne,9 Jana Avenue
30,United States,Denton,58 Milwaukee Parkway
31,United States,Akron,3519 Mcbride Point
32,United States,Newton,956 Dorton Lane
33,United States,Simi Valley,8 Lakeland Center
34,United States,Miami,19 Daystar Park
35,United States,El Paso,23190 Roxbury Trail
36,United States,Roanoke,979 Muir Center
37,United States,Boulder,5313 Coleman Hill
38,United States,Omaha,703 Alpine Junction
39,United States,Charleston,1 Spenser Circle
40,United States,Scranton,60132 Bunting Drive
41,United States,Sterling,85962 Golf Course Center
42,United States,San Jose,4 Eastwood Avenue
43,United States,Pasadena,3185 Stoughton Road
44,United States,Knoxville,214 Crest Line Court
45,United States,Midland,970 Oriole Parkway
46,United States,Colorado Springs,4986 Mitchell Plaza
47,United States,Baton Rouge,90 Mccormick Terrace
48,United States,Las Vegas,560 Boyd Circle
49,United States,Seattle,72212 Macpherson Circle
50,United States,Pittsburgh,58 Carpenter Lane
51,United States,Chattanooga,9308 Pennsylvania Crossing
52,United States,Naples,4510 Michigan Point
53,United States,Orlando,8 Starling Pass
54,United States,Tuscaloosa,33083 Valley Edge Parkway
55,United States,Los Angeles,3307 Hallows Park
56,United States,Baton Rouge,4914 Graedel Avenue
57,United States,Shreveport,9 Pleasure Avenue
58,United States,Boston,910 Loftsgordon Pass
59,United States,Port Washington,62 Red Cloud Way
60,United States,Omaha,3101 Fulton Crossing
61,United States,El Paso,817 7th Alley
62,United States,Miami,9 Fisk Crossing
63,United States,Laurel,009 Mallard Lane
64,United States,Sterling,7944 Roxbury Junction
65,United States,Billings,3292 Katie Street
66,United States,Springfield,328 Forest Circle
67,United States,Seminole,1064 Kenwood Parkway
68,United States,Boynton Beach,5667 Northridge Avenue
69,United States,Bethlehem,685 Straubel Drive
70,United States,Long Beach,77827 West Junction
71,United States,Houston,53 Pierstorff Way
72,United States,New Orleans,164 3rd Junction
73,United States,Lubbock,69 Walton Pass
74,United States,Fort Smith,11 Hermina Circle
75,United States,Denver,66 Washington Crossing
76,United States,Boca Raton,01 Luster Hill
77,United States,Birmingham,56 Pepper Wood Plaza
78,United States,Reading,1364 Johnson Pass
79,United States,Denver,3521 Armistice Point
80,United States,Charleston,26249 5th Drive
81,United States,Independence,241 Hermina Avenue
82,United States,Charleston,29 Wayridge Road
83,United States,Baltimore,5945 Bowman Way
84,United States,Detroit,0703 Miller Court
85,United States,Richmond,5 Sauthoff Junction
86,United States,Charlotte,393 Hoepker Parkway
87,United States,San Francisco,5133 6th Street
88,United States,Orlando,55675 Mosinee Circle
89,United States,Cedar Rapids,7 Jana Pass
90,United States,Corona,948 Towne Pass
91,United States,Akron,37186 Union Drive
92,United States,Torrance,1 Nancy Avenue
93,United States,New York City,202 Delaware Place
94,United States,Dallas,402 Summit Center
95,United States,Roanoke,6000 Shoshone Drive
96,United States,Harrisburg,07808 Crescent Oaks Park
97,United States,Omaha,08196 Bobwhite Hill
98,United States,Largo,477 Mallory Trail
99,United States,El Paso,6 Menomonie Road
100,United States,Cincinnati,5304 Ludington Lane
101,United States,Asheville,9 Jenifer Junction
102,United States,Knoxville,7585 Pankratz Hill
103,United States,Sioux City,7742 Sloan Hill
104,United States,Saint Louis,7 Arizona Avenue
105,United States,Lincoln,19835 Gale Hill
106,United States,Pittsburgh,86145 Pepper Wood Court
107,United States,Glendale,048 Del Sol Alley
108,United States,Atlanta,2886 Westridge Center
109,United States,Baton Rouge,868 Fallview Trail
110,United States,Florence,7 Carberry Alley
111,United States,Toledo,824 Clemons Circle
112,United States,Los Angeles,18838 Lighthouse Bay Drive
113,United States,Oklahoma City,7 Shopko Avenue
114,United States,Orlando,00789 Kedzie Circle
115,United States,Dearborn,22 Logan Pass
116,United States,Roanoke,79 Sage Alley
117,United States,Bryan,2818 Mcguire Alley
118,United States,Washington,877 Moland Drive
119,United States,Omaha,06935 Ohio Center
120,United States,Albany,8 Laurel Pass
121,United States,Ocala,94 Sullivan Way
122,United States,Honolulu,38 Moland Circle
123,United States,Anchorage,365 Canary Point
124,United States,Buffalo,1973 Fordem Circle
125,United States,Newport News,024 Fallview Trail
126,United States,Wilkes Barre,05 Melody Terrace
127,United States,Houston,07 Marcy Park
128,United States,Chicago,94 Westerfield Pass
129,United States,Colorado Springs,4132 Pawling Circle
130,United States,Seattle,7633 Blackbird Terrace
131,United States,Largo,8 West Park
132,United States,Austin,56051 Kim Trail
133,United States,Boulder,6230 Hoard Center
134,United States,Stockton,267 Scoville Crossing
135,United States,New York City,42 Morningstar Drive
136,United States,Las Vegas,88 Pankratz Road
137,United States,New York City,6 Monica Trail
138,United States,Beaverton,247 Pennsylvania Avenue
139,United States,Santa Cruz,74035 Eagle Crest Point
140,United States,Decatur,2292 Spenser Junction
141,United States,Allentown,2 Merrick Road
142,United States,Jacksonville,042 Haas Lane
143,United States,Albuquerque,833 Florence Point
144,United States,Billings,2018 Di Loreto Crossing
145,United States,Austin,71 1st Court
146,United States,Milwaukee,64 Stang Street
147,United States,Lubbock,7 Transport Alley
148,United States,Bronx,8 Jana Place
149,United States,Washington,4 Sachs Crossing
150,United States,Knoxville,62 Prentice Crossing
151,United States,Jacksonville,904 Jenifer Drive
152,United States,El Paso,04528 Homewood Way
153,United States,Santa Monica,06733 Shasta Road
154,United States,Pensacola,443 Delaware Hill
155,United States,Albuquerque,92 Blue Bill Park Park
156,United States,Sacramento,19091 Main Pass
157,United States,Austin,7920 Continental Avenue
158,United States,Houston,5 Onsgard Lane
159,United States,Las Vegas,287 Raven Pass
160,United States,Tyler,9 Bartillon Drive
161,United States,Des Moines,57651 Florence Court
162,United States,San Diego,99 Johnson Trail
163,United States,Saint Louis,3 Hooker Lane
164,United States,Hyattsville,5 Golf Course Drive
165,United States,Waco,375 Florence Plaza
166,United States,Naples,7851 Meadow Ridge Pass
167,United States,Nashville,770 Messerschmidt Parkway
168,United States,Fort Worth,5254 New Castle Junction
169,United States,Lynn,55142 Sundown Point
170,United States,Miami,778 Doe Crossing Hill
171,United States,Fresno,570 Chinook Center
172,United States,Shreveport,0 Ramsey Plaza
173,United States,Providence,96 Lawn Parkway
174,United States,Greeley,86317 Golf Course Parkway
175,United States,Charlotte,27292 Lighthouse Bay Junction
176,United States,Hartford,568 Canary Terrace
177,United States,El Paso,49292 Thompson Hill
178,United States,Houston,13426 Walton Place
179,United States,Virginia Beach,1 Straubel Terrace
180,United States,San Jose,11 Stang Crossing
181,United States,Chattanooga,1187 Hudson Circle
182,United States,Detroit,1 Autumn Leaf Avenue
183,United States,Jacksonville,2956 Beilfuss Point
184,United States,Sacramento,95886 East Street
185,United States,Ocala,006 Manley Park
186,United States,Trenton,5 Grayhawk Court
187,United States,Macon,14158 Cordelia Drive
188,United States,San Francisco,05542 5th Circle
189,United States,Hyattsville,217 Butternut Terrace
190,United States,Phoenix,6 Riverside Park
191,United States,Buffalo,1564 Welch Avenue
192,United States,Wilkes Barre,0 Annamark Trail
193,United States,Indianapolis,21860 Pond Junction
194,United States,Rochester,81 Stoughton Parkway
195,United States,Lexington,6 Shopko Avenue
196,United States,Cincinnati,423 Moulton Alley
197,United States,Washington,27443 Talisman Center
198,United States,Norfolk,2463 Buhler Drive
199,United States,Sparks,22 Butterfield Point
200,United States,Tallahassee,46 Lerdahl Street
201,United States,Arlington,0 Annamark Lane
202,United States,Huntsville,1272 Sundown Parkway
203,United States,Honolulu,50154 Crest Line Road
204,United States,Huntsville,507 Knutson Terrace
205,United States,Kansas City,231 Truax Lane
206,United States,Lansing,41212 Kropf Court
207,United States,Shreveport,8 Esker Terrace
208,United States,Monroe,093 Grayhawk Way
209,United States,Tampa,668 Twin Pines Street
210,United States,Honolulu,96 Park Meadow Parkway
211,United States,New York City,7 Parkside Lane
212,United States,Birmingham,7641 Glendale Junction
213,United States,Valdosta,89682 Gina Lane
214,United States,Grand Rapids,0974 Jackson Street
215,United States,El Paso,49 Esch Street
216,United States,Jefferson City,55 Crowley Circle
217,United States,Austin,2 Park Meadow Center
218,United States,San Diego,81586 Washington Court
219,United States,Baton Rouge,4983 Iowa Pass
220,United States,Mesa,25 Bluejay Hill
221,United States,Lees Summit,23515 Sullivan Way
222,United States,New York City,561 Pleasure Lane
223,United States,Reading,4913 Blaine Alley
224,United States,Bakersfield,07775 La Follette Hill
225,United States,Saint Petersburg,1 Derek Drive
226,United States,Shawnee Mission,8074 Grasskamp Road
227,United States,Boston,6 Surrey Alley
228,United States,Nashville,04648 Roth Center
229,United States,Vancouver,117 Grover Street
230,United States,Jackson,480 Merchant Avenue
231,United States,Las Vegas,40027 Merry Crossing
232,United States,San Francisco,98766 Vermont Circle
233,United States,Dallas,98 Summer Ridge Drive
234,United States,Columbus,42492 Luster Junction
235,United States,Canton,36401 Maple Wood Crossing
236,United States,Roanoke,10 Southridge Way
237,United States,North Little Rock,46505 Vera Street
238,United States,San Antonio,33692 Bonner Way
239,United States,Washington,5730 Packers Terrace
240,United States,San Jose,8 Mosinee Drive
241,United States,Albuquerque,503 Morningstar Hill
242,United States,Washington,58743 Elka Avenue
243,United States,Rochester,901 East Plaza
244,United States,Memphis,4 Moland Drive
245,United States,Oakland,98 Lunder Circle
246,United States,Dallas,8 Union Hill
247,United States,Jefferson City,4931 Anderson Court
248,United States,Salt Lake City,3 Lighthouse Bay Alley
249,United States,Milwaukee,3 Roxbury Hill
250,United States,Washington,2 Donald Point
251,United States,Rochester,02 Milwaukee Lane
252,United States,Van Nuys,874 Kinsman Street
253,United States,Port Saint Lucie,3137 Norway Maple Alley
254,United States,Jamaica,51 Burning Wood Terrace
255,United States,Youngstown,08121 Heath Drive
256,United States,Boston,4 Dakota Lane
257,United States,Kansas City,19 Graedel Pass
258,United States,Reno,10 Norway Maple Trail
259,United States,Albany,6202 Transport Drive
260,United States,Grand Rapids,99 Birchwood Center
261,United States,Nashville,6368 2nd Point
262,United States,Wilmington,35 Oak Valley Center
263,United States,Houston,20 Westend Drive
264,United States,Miami,28 Spohn Center
265,United States,Carson City,021 Arizona Parkway
266,United States,Tempe,39611 Havey Junction
267,United States,Hagerstown,50 Gerald Center
268,United States,Toledo,518 Dwight Circle
269,United States,Carlsbad,654 West Junction
270,United States,Sacramento,9805 Old Gate Circle
271,United States,West Palm Beach,694 Dennis Park
272,United States,Irving,03692 Cambridge Road
273,United States,Maple Plain,190 Hovde Road
274,United States,Sacramento,29387 Hagan Road
275,United States,Rochester,56934 Briar Crest Way
276,United States,San Francisco,07277 Brown Lane
277,United States,Washington,349 Warrior Place
278,United States,Jackson,11 Eliot Park
279,United States,Laurel,9 Pankratz Park
280,United States,Van Nuys,8059 Arapahoe Alley
281,United States,Corona,7259 Oak Valley Center
282,United States,Huntsville,4 Northwestern Parkway
283,United States,Flushing,81684 West Crossing
284,United States,Spartanburg,27 Huxley Drive
285,United States,Cheyenne,58 Mayfield Lane
286,United States,Brooklyn,9999 Lakewood Gardens Place
287,United States,Sioux City,8551 Prairie Rose Avenue
288,United States,Norfolk,4103 Porter Court
289,United States,Kansas City,05 Sunnyside Parkway
290,United States,Brooklyn,36 Declaration Plaza
291,United States,Newark,8910 Sherman Center
292,United States,Madison,58671 Emmet Way
293,United States,Philadelphia,3110 Tony Trail
294,United States,Houston,26 Pine View Parkway
295,United States,New York City,536 Shasta Avenue
296,United States,Sioux Falls,0 Melvin Way
297,United States,Newport Beach,334 Londonderry Road
298,United States,Detroit,86152 Everett Point
299,United States,Tampa,50 Lighthouse Bay Road
300,United States,Washington,77290 Hallows Pass
301,United States,El Paso,448 Welch Street
302,United States,Los Angeles,14316 Hintze Plaza
303,United States,Fresno,64986 Buhler Point
304,United States,Beaverton,95 Hoffman Avenue
305,United States,Independence,7 Butterfield Road
306,United States,Palmdale,7305 West Court
307,United States,Canton,27406 Heffernan Alley
308,United States,Shawnee Mission,096 Namekagon Lane
309,United States,Pasadena,6 Mallory Drive
310,United States,Beaumont,327 Corben Plaza
311,United States,El Paso,6165 Randy Way
312,United States,San Diego,2 Lyons Point
313,United States,Las Vegas,60 Barnett Parkway
314,United States,Washington,984 Arapahoe Pass
315,United States,Fort Worth,2435 Lawn Park
316,United States,Evansville,16656 Lawn Drive
317,United States,Seattle,9150 Delaware Place
318,United States,Chicago,777 Linden Pass
319,United States,Whittier,74 Mendota Street
320,United States,Des Moines,723 Havey Park
321,United States,Greenville,64 Rusk Avenue
322,United States,Lansing,48 Northport Crossing
323,United States,Fairbanks,9645 Atwood Place
324,United States,Washington,37 Brickson Park Center
325,United States,Roanoke,77 Bartelt Point
326,United States,Chicago,287 Stephen Alley
327,United States,Tampa,48805 Tennessee Junction
328,United States,Santa Rosa,3332 Monument Road
329,United States,Fort Worth,59 Springview Center
330,United States,Youngstown,954 Superior Trail
331,United States,Washington,592 Wayridge Park
332,United States,Louisville,009 Drewry Court
333,United States,Seattle,5356 Ridgeview Trail
334,United States,Greensboro,10 Mallory Pass
335,United States,Cincinnati,6 Macpherson Trail
336,United States,Fort Worth,4 Novick Plaza
337,United States,Richmond,89 Clarendon Center
338,United States,Houston,3 Bonner Alley
339,United States,Huntsville,686 Kensington Drive
340,United States,Saint Paul,3862 Scoville Circle
341,United States,Springfield,51231 Service Hill
342,United States,Fort Wayne,1515 8th Alley
343,United States,Grand Rapids,33 Troy Lane
344,United States,Anchorage,70 Thierer Drive
345,United States,West Palm Beach,6 Mandrake Terrace
346,United States,Detroit,833 New Castle Point
347,United States,Toledo,70 Lunder Way
348,United States,Chandler,838 Nobel Alley
349,United States,Salt Lake City,185 Hudson Pass
350,United States,Valdosta,38463 Oxford Hill
351,United States,Erie,25941 6th Crossing
352,United States,Saint Louis,149 Warbler Crossing
353,United States,Kansas City,6 Pepper Wood Drive
354,United States,Scranton,40 Bluejay Parkway
355,United States,Denver,54637 Fieldstone Way
356,United States,Springfield,77449 Macpherson Point
357,United States,Washington,422 Cascade Drive
358,United States,Rockford,65859 Westend Lane
359,United States,Memphis,444 East Street
360,United States,Pompano Beach,987 Monica Street
361,United States,Lexington,29170 Fulton Plaza
362,United States,Detroit,9 Reinke Junction
363,United States,Saint Paul,067 Reindahl Avenue
364,United States,Garland,20 Loftsgordon Terrace
365,United States,Fort Wayne,19 Florence Center
366,United States,Cleveland,40 Sage Trail
367,United States,Lakeland,0 Eagle Crest Street
368,United States,London,63 Dunning Parkway
369,United States,Washington,70 Fisk Lane
370,United States,Newark,97 Warrior Junction
371,United States,Trenton,05 Westerfield Trail
372,United States,Jacksonville,5405 Weeping Birch Point
373,United States,Omaha,65246 Fieldstone Street
374,United States,Las Vegas,5 Barnett Circle
375,United States,San Antonio,88 Sunnyside Drive
376,United States,Las Cruces,046 Leroy Trail
377,United States,Lawrenceville,408 Arizona Avenue
378,United States,Des Moines,0 Clyde Gallagher Court
379,United States,Tyler,5955 Vidon Center
380,United States,Washington,27 Mifflin Way
381,United States,Sacramento,069 Scofield Court
382,United States,Charlotte,908 Gateway Drive
383,United States,Grand Junction,183 Corben Street
384,United States,Erie,21950 Novick Terrace
385,United States,Los Angeles,316 Sullivan Drive
386,United States,Whittier,8 Hoffman Trail
387,United States,Fairbanks,75 Sauthoff Drive
388,United States,Washington,316 Hollow Ridge Circle
389,United States,Memphis,3113 Nobel Center
390,United States,Honolulu,11002 Anhalt Drive
391,United States,El Paso,401 Surrey Plaza
392,United States,Boston,42597 Caliangt Place
393,United States,Gainesville,49 Carioca Terrace
394,United States,New York City,103 Dottie Terrace
395,United States,Albuquerque,5708 Mosinee Hill
396,United States,Reno,87 Talmadge Lane
397,United States,Washington,2 Ronald Regan Junction
398,United States,Erie,09572 Shasta Place
399,United States,San Diego,5 Northland Point
400,United States,West Hartford,87809 Service Plaza
401,United States,Fairbanks,0 Golf Trail
402,United States,Tyler,43 Lake View Court
403,United States,Sacramento,5292 Coolidge Avenue
404,United States,Savannah,7 Anhalt Court
405,United States,High Point,07 Marcy Street
406,United States,Bethlehem,5 Old Gate Street
407,United States,Reston,4507 Ludington Avenue
408,United States,Boston,51547 International Street
409,United States,El Paso,49 South Circle
410,United States,Tacoma,082 Claremont Park
411,United States,Brooklyn,56619 Sutherland Center
412,United States,Young America,1435 Grasskamp Alley
413,United States,Seattle,22 Pleasure Lane
414,United States,Orlando,63003 Ridge Oak Avenue
415,United States,Birmingham,74 Norway Maple Circle
416,United States,Raleigh,1 Barby Drive
417,United States,Dallas,46 Almo Terrace
418,United States,Muskegon,8 Pine View Street
419,United States,Fort Myers,79016 Redwing Center
420,United States,Kingsport,7548 Onsgard Terrace
421,United States,Jefferson City,50 Dawn Parkway
422,United States,Albuquerque,4781 Muir Lane
423,United States,High Point,757 Pepper Wood Center
424,United States,New Orleans,7024 Ryan Alley
425,United States,Charleston,8 Hoard Pass
426,United States,Richmond,4 International Center
427,United States,Katy,0 Almo Junction
428,United States,Mountain View,1 Eliot Drive
429,United States,Youngstown,85296 Main Plaza
430,United States,Tulsa,32307 Graedel Circle
431,United States,Birmingham,48434 Huxley Crossing
432,United States,Shawnee Mission,63726 Golf View Place
433,United States,Irvine,12726 Aberg Parkway
434,United States,Denver,0 Cherokee Crossing
435,United States,Seattle,614 Laurel Park
436,United States,Bakersfield,2 Northridge Circle
437,United States,San Antonio,9320 Stoughton Crossing
438,United States,Fort Lauderdale,01 Hoard Terrace
439,United States,Philadelphia,453 Russell Lane
440,United States,Louisville,38 Transport Alley
441,United States,Burbank,03 Riverside Alley
442,United States,Portland,2478 Northview Circle
443,United States,Albuquerque,9 Donald Street
444,United States,Springfield,2567 Spohn Circle
445,United States,Arlington,34720 Canary Center
446,United States,Dallas,2739 Russell Court
447,United States,Independence,1 Kingsford Lane
448,United States,Sacramento,57 Arrowood Parkway
449,United States,Philadelphia,229 Anzinger Crossing
450,United States,Alexandria,0 Columbus Point
451,United States,Clearwater,7 Bartelt Avenue
452,United States,Gatesville,992 Hooker Drive
453,United States,Asheville,33 Monterey Road
454,United States,Washington,248 Shoshone Terrace
455,United States,Honolulu,06900 Crescent Oaks Park
456,United States,Dayton,939 Emmet Avenue
457,United States,Manassas,04250 Elka Hill
458,United States,Oklahoma City,2849 Clarendon Place
459,United States,Fort Worth,006 Ramsey Drive
460,United States,Topeka,697 Clyde Gallagher Junction
461,United States,Shreveport,652 Dottie Court
462,United States,Charleston,2611 Pleasure Avenue
463,United States,Champaign,11 Jenifer Drive
464,United States,Toledo,933 Moland Circle
465,United States,Birmingham,0865 Johnson Plaza
466,United States,Cincinnati,33 Dunning Street
467,United States,Maple Plain,67855 South Drive
468,United States,Mobile,66 Sommers Street
469,United States,Cincinnati,88 Pearson Pass
470,United States,Saint Petersburg,18 Lunder Drive
471,United States,Lynn,7405 Fallview Place
472,United States,Aurora,5 East Lane
473,United States,Topeka,419 Cascade Crossing
474,United States,Dallas,1398 Lakeland Drive
475,United States,Washington,39 Center Road
476,United States,Philadelphia,39818 Pine View Road
477,United States,Arlington,697 Fairview Junction
478,United States,Virginia Beach,03 Roth Center
479,United States,Corona,414 Cody Center
480,United States,Lees Summit,792 Lukken Terrace
481,United States,Clearwater,9 Nelson Junction
482,United States,Provo,9 2nd Terrace
483,United States,Lawrenceville,66 Elmside Park
484,United States,Pensacola,40 Continental Center
485,United States,Tyler,18 Grim Circle
486,United States,Vancouver,5 Butterfield Plaza
487,United States,San Rafael,25 Susan Trail
488,United States,Omaha,9 Welch Lane
489,United States,Houston,94 Mayfield Trail
490,United States,New Bedford,581 Everett Way
491,United States,Huntington Beach,02917 Packers Crossing
492,United States,Alexandria,50708 Paget Junction
493,United States,Salt Lake City,7 Granby Hill
494,United States,Palmdale,6385 Weeping Birch Junction
495,United States,Chicago,44982 Montana Plaza
496,United States,Wilmington,53 Scoville Lane
497,United States,Cedar Rapids,8334 Annamark Trail
498,United States,Cincinnati,261 Northwestern Road
499,United States,San Diego,48659 Mitchell Street
500,United States,Boston,12 Algoma Crossing
501,United States,Portland,650 Gina Hill
502,United States,Atlanta,4819 Lake View Street
503,United States,Winston Salem,9 Kings Center
504,United States,Austin,40 6th Parkway
505,United States,Syracuse,677 Hovde Lane
506,United States,Gainesville,824 Morrow Terrace
507,United States,Washington,71319 Johnson Park
508,United States,Knoxville,53 Reinke Park
509,United States,Albany,7 Susan Drive
510,United States,Fort Myers,69937 Buell Street
511,United States,Dallas,37345 Armistice Center
512,United States,Nashville,8861 Schmedeman Plaza
513,United States,Portland,8823 Grayhawk Avenue
514,United States,Los Angeles,29 Redwing Road
515,United States,Saint Paul,4 Mccormick Junction
516,United States,Indianapolis,22 Bonner Hill
517,United States,Aurora,7355 Spohn Drive
518,United States,Madison,598 Farragut Street
519,United States,Atlanta,78 Thompson Circle
520,United States,Olympia,35 Straubel Crossing
521,United States,Pittsburgh,84476 Blackbird Parkway
522,United States,Lees Summit,2 Kensington Pass
523,United States,New York City,989 Mitchell Court
524,United States,Port Saint Lucie,352 Upham Circle
525,United States,Albuquerque,7672 Blue Bill Park Junction
526,United States,New York City,96708 Forster Plaza
527,United States,Chicago,7 Corben Circle
528,United States,Indianapolis,167 Rigney Way
529,United States,Jackson,09357 American Crossing
530,United States,Fullerton,77 Katie Terrace
531,United States,Johnson City,579 Red Cloud Street
532,United States,Houston,50810 Homewood Park
533,United States,Houston,8 Spenser Center
534,United States,Charleston,25 Lakewood Point
535,United States,Toledo,7733 Cherokee Hill
536,United States,Roanoke,03410 Carey Parkway
537,United States,Midland,5 Ridgeway Crossing
538,United States,Aurora,4 Russell Street
539,United States,Topeka,81356 Upham Hill
540,United States,Indianapolis,7833 Scott Junction
541,United States,Los Angeles,89164 Anderson Court
542,United States,Boca Raton,7 Utah Crossing
543,United States,Springfield,2 Sunfield Pass
544,United States,Nashville,9 Eagle Crest Hill
545,United States,Los Angeles,4 Fairview Hill
546,United States,Oklahoma City,00706 Kim Lane
547,United States,San Jose,54 Iowa Crossing
548,United States,Austin,1643 Schiller Avenue
549,United States,New Orleans,5 Schmedeman Hill
550,United States,Hicksville,56083 Almo Plaza
551,United States,Chico,8702 Harper Alley
552,United States,Sioux City,0 Harbort Center
553,United States,Boca Raton,522 Nevada Circle
554,United States,El Paso,77035 Melvin Court
555,United States,Dallas,8 Hauk Hill
556,United States,Lancaster,556 Anniversary Hill
557,United States,Wilmington,4500 Comanche Parkway
558,United States,Frankfort,4300 Westerfield Parkway
559,United States,Memphis,73839 Logan Junction
560,United States,Amarillo,37050 Monterey Terrace
561,United States,Denver,091 Schiller Court
562,United States,Savannah,11913 Blackbird Way
563,United States,Baltimore,082 Hagan Hill
564,United States,Huntington Beach,5768 Melody Way
565,United States,Los Angeles,8 Marcy Crossing
566,United States,Las Vegas,02222 Dawn Parkway
567,United States,Washington,5 Russell Parkway
568,United States,Austin,4 Oneill Alley
569,United States,Winter Haven,1 Almo Crossing
570,United States,Baton Rouge,896 Riverside Plaza
571,United States,Irving,3129 Schlimgen Way
572,United States,Honolulu,3590 Jana Court
573,United States,San Jose,08404 Arapahoe Terrace
574,United States,Toledo,157 Buell Trail
575,United States,Midland,9605 Anniversary Street
576,United States,Norfolk,4137 Granby Street
577,United States,San Diego,61 Delaware Trail
578,United States,Huntsville,12 1st Hill
579,United States,Saint Louis,8082 Comanche Pass
580,United States,Charlotte,16 Rockefeller Center
581,United States,San Jose,724 Cottonwood Court
582,United States,Roanoke,930 Esch Center
583,United States,Orlando,20976 Hermina Lane
584,United States,Tulsa,90 Kingsford Road
585,United States,Knoxville,8160 Gina Parkway
586,United States,Hollywood,2 Northridge Circle
587,United States,Chattanooga,9 Talisman Lane
588,United States,West Palm Beach,023 Ilene Terrace
589,United States,Los Angeles,8956 Eliot Plaza
590,United States,Camden,4 Kedzie Circle
591,United States,New Orleans,8392 Thierer Way
592,United States,Lexington,6 Dunning Parkway
593,United States,Tyler,0071 Schlimgen Center
594,United States,New York City,165 Thompson Terrace
595,United States,Fairbanks,18 Stuart Street
596,United States,Cincinnati,3 Shoshone Center
597,United States,Milwaukee,401 Esch Road
598,United States,Oklahoma City,821 Westerfield Alley
599,United States,Lansing,018 Surrey Place
600,United States,Erie,45 Elka Trail
601,United States,San Francisco,0 Towne Drive
602,United States,New York City,9 South Street
603,United States,Des Moines,8 Bowman Way
604,United States,Cincinnati,22 Holy Cross Plaza
605,United States,Baltimore,3209 Ridge Oak Street
606,United States,Cleveland,8 Victoria Plaza
607,United States,Roanoke,89471 Hoepker Park
608,United States,Tacoma,49756 Ridge Oak Pass
609,United States,Grand Junction,5951 Northview Crossing
610,United States,Orlando,08111 American Circle
611,United States,Elmira,29365 Helena Junction
612,United States,Hamilton,614 Reinke Alley
613,United States,Waco,5 Hanover Trail
614,United States,Greenville,930 7th Park
615,United States,Scranton,516 Oriole Parkway
616,United States,Santa Fe,70 Hallows Pass
617,United States,Laurel,42 Burning Wood Way
618,United States,Knoxville,9139 Birchwood Point
619,United States,Grand Rapids,74649 Melrose Junction
620,United States,Cincinnati,8 John Wall Circle
621,United States,Denver,669 Hoffman Drive
622,United States,New Haven,1988 Old Shore Pass
623,United States,Tuscaloosa,179 Algoma Avenue
624,United States,Pasadena,89405 Dakota Hill
625,United States,Philadelphia,88427 Marquette Hill
626,United States,Milwaukee,2 Stang Plaza
627,United States,Bloomington,0580 Arkansas Terrace
628,United States,Scottsdale,22 Weeping Birch Way
629,United States,Lees Summit,8 Mitchell Plaza
630,United States,Omaha,85415 Stephen Hill
631,United States,Tampa,8 Rutledge Parkway
632,United States,Merrifield,067 Kennedy Place
633,United States,San Diego,5 Mcbride Hill
634,United States,Nashville,0 Sycamore Hill
635,United States,Louisville,3 Sherman Court
636,United States,Fort Myers,769 Steensland Avenue
637,United States,Minneapolis,73 Caliangt Road
638,United States,Los Angeles,93 Dwight Circle
639,United States,Inglewood,70000 Buena Vista Hill
640,United States,Richmond,01 American Junction
641,United States,Sacramento,1 5th Trail
642,United States,Greensboro,9 Gerald Crossing
643,United States,Merrifield,29587 Ryan Plaza
644,United States,Milwaukee,3052 Memorial Trail
645,United States,Corona,924 Paget Place
646,United States,New Bedford,494 Sauthoff Pass
647,United States,Norwalk,9 Melrose Road
648,United States,Tulsa,7 Gale Center
649,United States,Richmond,71 East Point
650,United States,Pensacola,87881 Almo Center
651,United States,Midland,7469 Carberry Crossing
652,United States,Chicago,87 Kinsman Road
653,United States,Washington,550 John Wall Crossing
654,United States,New Bedford,199 Oak Valley Hill
655,United States,Marietta,5327 American Point
656,United States,Grand Rapids,06 Golf View Center
657,United States,Omaha,70255 Chinook Terrace
658,United States,Knoxville,536 Bartelt Drive
659,United States,Amarillo,6113 Dovetail Junction
660,United States,Shreveport,49728 Buena Vista Plaza
661,United States,San Antonio,62 Mayer Junction
662,United States,Montgomery,1 Morrow Drive
663,United States,Grand Rapids,01255 Anhalt Park
664,United States,Stamford,961 Farwell Alley
665,United States,Shreveport,72916 La Follette Point
666,United States,Decatur,7682 Parkside Alley
667,United States,Cincinnati,061 Gulseth Place
668,United States,Seattle,4 Manley Avenue
669,United States,Columbus,5066 New Castle Terrace
670,United States,Houston,7578 Northridge Lane
671,United States,Topeka,7829 Westridge Lane
672,United States,Winter Haven,46827 Sloan Way
673,United States,Erie,88 Boyd Plaza
674,United States,Washington,8 Golden Leaf Hill
675,United States,Corona,07 Glendale Road
676,United States,Phoenix,59016 Maple Wood Terrace
677,United States,Shawnee Mission,48 Lerdahl Street
678,United States,Atlanta,8 Rockefeller Court
679,United States,Chicago,4931 Thierer Center
680,United States,Philadelphia,896 Ohio Crossing
681,United States,Honolulu,0108 Summit Lane
682,United States,Des Moines,6836 Fordem Trail
683,United States,Santa Fe,01 Tomscot Street
684,United States,Las Vegas,15085 Forest Dale Circle
685,United States,Huntington,30 Shoshone Road
686,United States,Akron,153 Jana Point
687,United States,Hagerstown,3989 Norway Maple Plaza
688,United States,Dallas,8755 Moland Court
689,United States,Whittier,960 Bunker Hill Drive
690,United States,Jacksonville,0 Cottonwood Road
691,United States,Sioux City,3433 Hudson Drive
692,United States,El Paso,48 Mallard Crossing
693,United States,Winston Salem,18 Grim Terrace
694,United States,Garland,38100 Johnson Alley
695,United States,Miami Beach,4 Sutteridge Drive
696,United States,Youngstown,9580 Amoth Circle
697,United States,Saint Paul,68870 Becker Drive
698,United States,Durham,20253 Westridge Pass
699,United States,Atlanta,25 Redwing Avenue
700,United States,Oklahoma City,1143 Lunder Circle
701,United States,Orange,80630 Veith Terrace
702,United States,Washington,13824 Kipling Drive
703,United States,Arlington,64470 Lakeland Alley
704,United States,Dallas,578 Bluejay Circle
705,United States,Phoenix,7235 Pleasure Terrace
706,United States,Chicago,52978 Delaware Drive
707,United States,Dallas,6 Prairie Rose Junction
708,United States,Toledo,8 Hermina Junction
709,United States,Saint Paul,01345 Corben Alley
710,United States,San Jose,31715 2nd Alley
711,United States,New York City,99070 Mariners Cove Street
712,United States,Los Angeles,79425 Jackson Place
713,United States,Austin,00 Rockefeller Terrace
714,United States,Santa Fe,62069 Fairfield Park
715,United States,Roanoke,0236 Merry Crossing
716,United States,Jacksonville,56050 Lake View Court
717,United States,Florence,80369 Longview Center
718,United States,Atlanta,97031 Mariners Cove Terrace
719,United States,Pittsburgh,908 Memorial Court
720,United States,Houston,3 Loeprich Circle
721,United States,Newton,626 Oak Valley Point
722,United States,Tulsa,62 Vidon Court
723,United States,Fort Wayne,6 Mallard Way
724,United States,Raleigh,4 Forster Junction
725,United States,Madison,4 7th Point
726,United States,Harrisburg,8929 Pankratz Center
727,United States,Birmingham,59 Talisman Street
728,United States,Phoenix,42432 Dexter Road
729,United States,Atlanta,729 Crescent Oaks Drive
730,United States,Topeka,05273 Hollow Ridge Junction
731,United States,Los Angeles,86917 Ridgeview Junction
732,United States,Los Angeles,590 Dawn Terrace
733,United States,Omaha,697 8th Avenue
734,United States,Washington,33986 Superior Street
735,United States,Cincinnati,4 Portage Terrace
736,United States,Washington,4301 Buhler Junction
737,United States,Fresno,290 Kenwood Plaza
738,United States,Whittier,8 Hudson Place
739,United States,Newport News,269 Schiller Point
740,United States,Providence,012 La Follette Parkway
741,United States,Austin,12632 Merchant Terrace
742,United States,Washington,724 Dapin Hill
743,United States,Lexington,59 Miller Drive
744,United States,Rochester,34846 Dennis Lane
745,United States,Tampa,6786 Graceland Way
746,United States,Washington,373 Pennsylvania Center
747,United States,Schenectady,298 Heath Center
748,United States,Boston,303 Westridge Street
749,United States,Cincinnati,775 Buena Vista Avenue
750,United States,San Diego,208 Corben Crossing
751,United States,Pasadena,42686 Packers Crossing
752,United States,New York City,26 Bartillon Pass
753,United States,Erie,849 Longview Hill
754,United States,Tampa,26 Maywood Road
755,United States,Houston,59115 Dexter Crossing
756,United States,New Orleans,543 Melrose Terrace
757,United States,Gary,7 Nelson Drive
758,United States,Oklahoma City,3189 Loeprich Way
759,United States,Fort Lauderdale,0772 Sundown Parkway
760,United States,Reno,7 Moland Hill
761,United States,Huntsville,0 Pennsylvania Trail
762,United States,San Diego,88340 Pleasure Court
763,United States,Denver,188 Almo Drive
764,United States,New York City,5448 Elgar Street
765,United States,Honolulu,152 Green Ridge Road
766,United States,Denver,3416 Grim Park
767,United States,Oklahoma City,9210 Duke Terrace
768,United States,Ogden,3 Westerfield Way
769,United States,Dallas,98 Pierstorff Street
770,United States,Olympia,6 1st Park
771,United States,Sacramento,8556 Stoughton Drive
772,United States,Grand Junction,9489 Tennyson Center
773,United States,Minneapolis,98262 Stone Corner Terrace
774,United States,Wilkes Barre,79493 Petterle Street
775,United States,Van Nuys,076 Mccormick Terrace
776,United States,Salt Lake City,9773 Esker Junction
777,United States,Great Neck,4 Shoshone Lane
778,United States,Akron,9710 Arapahoe Circle
779,United States,Toledo,3409 Atwood Pass
780,United States,San Diego,546 Bonner Park
781,United States,Washington,3604 Meadow Valley Crossing
782,United States,Cincinnati,9 Grover Trail
783,United States,Bronx,0277 Mitchell Trail
784,United States,Kansas City,12542 Pierstorff Junction
785,United States,El Paso,3 Tony Lane
786,United States,Erie,40258 Dunning Trail
787,United States,Savannah,02 Calypso Lane
788,United States,Erie,77 Shasta Pass
789,United States,Beaumont,61090 Leroy Crossing
790,United States,Brooklyn,28175 Helena Road
791,United States,Seminole,03369 Trailsway Plaza
792,United States,Springfield,17 Kipling Lane
793,United States,Glendale,3521 Oxford Drive
794,United States,Durham,97 International Parkway
795,United States,Wilmington,1 Sutteridge Way
796,United States,Amarillo,04 Sachs Terrace
797,United States,Shreveport,5881 Aberg Parkway
798,United States,Boise,46977 Daystar Way
799,United States,Billings,1134 Valley Edge Parkway
800,United States,Sacramento,26655 Bay Parkway
801,United States,Salt Lake City,7339 Express Point
802,United States,Dallas,947 Buena Vista Center
803,United States,Newark,07 Victoria Lane
804,United States,Bronx,35827 Kipling Crossing
805,United States,Birmingham,859 Hanover Circle
806,United States,New York City,48 Vera Lane
807,United States,Las Vegas,34 Butternut Place
808,United States,Independence,0834 Truax Plaza
809,United States,Oklahoma City,512 Westend Drive
810,United States,Jacksonville,29 Nancy Terrace
811,United States,New Orleans,339 High Crossing Terrace
812,United States,Miami,475 Artisan Center
813,United States,Chattanooga,7 Onsgard Circle
814,United States,Chicago,46485 Aberg Circle
815,United States,Montgomery,90786 Delaware Road
816,United States,Salt Lake City,9 Transport Place
817,United States,Philadelphia,6134 Namekagon Junction
818,United States,Las Vegas,0 Red Cloud Junction
819,United States,Midland,2 Hollow Ridge Parkway
820,United States,Greensboro,470 Swallow Street
821,United States,Newport Beach,472 Barby Court
822,United States,Newark,0793 Maple Wood Circle
823,United States,Knoxville,0 Lawn Street
824,United States,Palmdale,98830 Prentice Road
825,United States,Anchorage,7 Artisan Drive
826,United States,Philadelphia,01 Pine View Crossing
827,United States,Orange,50 Buhler Center
828,United States,Charleston,2 Kipling Court
829,United States,Salt Lake City,253 South Junction
830,United States,Philadelphia,43631 Sauthoff Plaza
831,United States,Charleston,36613 Melrose Lane
832,United States,Flushing,887 Tennessee Terrace
833,United States,Pensacola,8 Warner Trail
834,United States,Milwaukee,9243 Oneill Trail
835,United States,Ogden,5959 Hooker Park
836,United States,Rochester,5 Hoard Circle
837,United States,Portland,392 Grayhawk Crossing
838,United States,Beaumont,12 Rigney Pass
839,United States,Oklahoma City,6 Roxbury Point
840,United States,Jacksonville,1 Canary Junction
841,United States,Richmond,24859 Grover Road
842,United States,Bronx,8441 Carioca Park
843,United States,Waco,4382 Mallard Place
844,United States,Charleston,18 Longview Junction
845,United States,Charlotte,05 Merry Court
846,United States,Port Washington,763 Miller Plaza
847,United States,Tampa,5844 Fieldstone Drive
848,United States,Jackson,3 Fuller Park
849,United States,Wilkes Barre,5 Little Fleur Street
850,United States,El Paso,1 Kensington Hill
851,United States,San Antonio,5812 Logan Crossing
852,United States,Sacramento,13278 Ruskin Trail
853,United States,Clearwater,5587 Lake View Terrace
854,United States,Shawnee Mission,51743 Burrows Street
855,United States,Fresno,95 Paget Park
856,United States,Evansville,1 3rd Center
857,United States,Waterbury,7865 Summit Point
858,United States,Charlotte,8481 Portage Center
859,United States,Stockton,20477 Bunting Parkway
860,United States,Roanoke,7586 Sutteridge Road
861,United States,New York City,97338 Swallow Junction
862,United States,Saint Louis,4908 Bowman Plaza
863,United States,Washington,9 Mccormick Street
864,United States,Waco,219 Kim Hill
865,United States,Miami,50 Tennessee Junction
866,United States,Amarillo,483 Buell Circle
867,United States,Salt Lake City,392 Milwaukee Alley
868,United States,Youngstown,30032 Jackson Pass
869,United States,New York City,356 Calypso Hill
870,United States,Rockford,396 Cardinal Junction
871,United States,Seattle,72 Oak Way
872,United States,Bronx,6 Monica Lane
873,United States,Dallas,777 Logan Place
874,United States,Lincoln,1 Gulseth Terrace
875,United States,Jeffersonville,343 Forest Dale Place
876,United States,New Brunswick,9507 Riverside Pass
877,United States,Los Angeles,867 School Alley
878,United States,Tallahassee,0522 Mitchell Drive
879,United States,Lancaster,15048 Orin Street
880,United States,Cumming,90 Elgar Point
881,United States,Reston,70216 Heffernan Circle
882,United States,Washington,571 3rd Point
883,United States,Huntsville,34 Hagan Alley
884,United States,Akron,332 Hermina Plaza
885,United States,Pittsburgh,91534 Talisman Park
886,United States,Alexandria,6 Arapahoe Junction
887,United States,Newark,1022 Grover Terrace
888,United States,Memphis,544 Quincy Street
889,United States,Miami Beach,439 Knutson Pass
890,United States,Honolulu,8388 Springview Plaza
891,United States,Austin,47414 Bonner Point
892,United States,Las Vegas,7537 Corscot Park
893,United States,Richmond,681 Springs Point
894,United States,Albuquerque,4532 Orin Lane
895,United States,Evansville,2948 Northland Way
896,United States,Arlington,32 Manley Crossing
897,United States,New Orleans,992 Mosinee Hill
898,United States,Shawnee Mission,7 Kropf Way
899,United States,Sacramento,05 Petterle Place
900,United States,Miami Beach,84771 Pine View Drive
901,United States,Shreveport,19 Mayfield Terrace
902,United States,New York City,92450 Havey Road
903,United States,Springfield,4206 Crescent Oaks Avenue
904,United States,Reston,49222 Ramsey Parkway
905,United States,Chicago,3 Namekagon Crossing
906,United States,Milwaukee,89031 Dunning Pass
907,United States,New York City,0 Melby Place
908,United States,Flushing,6 Veith Point
909,United States,Lakeland,0 Autumn Leaf Drive
910,United States,North Little Rock,1763 Glendale Avenue
911,United States,Stamford,464 Homewood Center
912,United States,Atlanta,37050 Onsgard Alley
913,United States,Winston Salem,1515 Miller Junction
914,United States,San Jose,94890 Chive Alley
915,United States,Sterling,22 Washington Court
916,United States,Racine,6 North Drive
917,United States,Pittsburgh,4554 Glendale Lane
918,United States,Tempe,5990 Raven Way
919,United States,Cleveland,783 West Lane
920,United States,Bethlehem,277 Warbler Lane
921,United States,Warren,9855 Bonner Alley
922,United States,Pittsburgh,081 Hazelcrest Avenue
923,United States,Chicago,964 Hintze Park
924,United States,Amarillo,348 Nobel Drive
925,United States,Bradenton,85 Vernon Hill
926,United States,Detroit,775 Swallow Street
927,United States,Seattle,32 Pleasure Street
928,United States,Pompano Beach,283 Grasskamp Avenue
929,United States,Cincinnati,890 Sunbrook Court
930,United States,Johnson City,00361 Pennsylvania Court
931,United States,Paterson,8 Heath Terrace
932,United States,Melbourne,899 Lindbergh Parkway
933,United States,Sacramento,57 Sunfield Place
934,United States,Tacoma,684 Spohn Center
935,United States,Los Angeles,28103 Esch Alley
936,United States,Chandler,54183 Veith Road
937,United States,Shawnee Mission,91 Continental Trail
938,United States,Tempe,4919 Fallview Avenue
939,United States,Los Angeles,32448 Jenifer Hill
940,United States,Toledo,2831 Carioca Alley
941,United States,Seattle,8 Melrose Court
942,United States,Columbia,88 Goodland Street
943,United States,Boise,121 Bunting Drive
944,United States,Nashville,0861 Dapin Crossing
945,United States,Garden Grove,2 Loftsgordon Park
946,United States,Albuquerque,25 Scoville Alley
947,United States,Bethlehem,3534 Judy Junction
948,United States,Aurora,7 Linden Circle
949,United States,Austin,565 Goodland Alley
950,United States,Detroit,19959 Mayfield Crossing
951,United States,Portland,757 Saint Paul Center
952,United States,Fort Worth,2987 Raven Street
953,United States,El Paso,254 Old Gate Alley
954,United States,Anniston,33755 Morrow Road
955,United States,Toledo,0 Donald Plaza
956,United States,Alexandria,4800 Vernon Circle
957,United States,El Paso,44 Dorton Court
958,United States,Marietta,700 Fairfield Junction
959,United States,Washington,15465 Carberry Terrace
960,United States,Mesa,94 Londonderry Parkway
961,United States,Springfield,0 Superior Terrace
962,United States,Dayton,5709 Rutledge Street
963,United States,Memphis,2 Pleasure Court
964,United States,Buffalo,7 Briar Crest Road
965,United States,Midland,6 Toban Street
966,United States,Amarillo,41 Kings Junction
967,United States,Minneapolis,645 Dwight Center
968,United States,Kansas City,75208 Porter Pass
969,United States,Tempe,09725 Declaration Way
970,United States,Grand Rapids,3 Bluejay Court
971,United States,Charlotte,6430 Golf Course Junction
972,United States,Rochester,999 Parkside Park
973,United States,Seattle,281 Village Green Court
974,United States,Little Rock,40732 Surrey Drive
975,United States,Fort Worth,379 Carpenter Hill
976,United States,Atlanta,7169 Dryden Junction
977,United States,Richmond,1606 Fremont Lane
978,United States,Washington,842 Mccormick Place
979,United States,Sacramento,9 Golden Leaf Terrace
980,United States,Las Vegas,28 Oneill Hill
981,United States,Los Angeles,6 Truax Plaza
982,United States,Carson City,51599 Summerview Way
983,United States,Baltimore,007 Tomscot Park
984,United States,Pittsburgh,14 Melby Park
985,United States,Portland,0 Scofield Crossing
986,United States,Colorado Springs,302 Pearson Court
987,United States,Louisville,2 Welch Terrace
988,United States,Palatine,33098 7th Trail
989,United States,Salt Lake City,4 Swallow Way
990,United States,Wichita,0 Fieldstone Crossing
991,United States,Birmingham,70711 Reinke Place
992,United States,Washington,19 Hauk Place
993,United States,Washington,870 Susan Park
994,United States,San Jose,654 Hollow Ridge Pass
995,United States,Hamilton,427 6th Court
996,United States,Washington,34917 Summer Ridge Lane
997,United States,Pasadena,5 Karstens Avenue
998,United States,Asheville,173 Goodland Road
999,United States,Monroe,50057 Bellgrove Way
1000,United States,Los Angeles,840 Killdeer Circle
